[
    {
        "id": "1",
        "mail": "0815.ru0clickemail.com"
    },
    {
        "id": "2",
        "mail": "0-mail.com"
    },
    {
        "id": "3",
        "mail": "0wnd.net"
    },
    {
        "id": "4",
        "mail": "0wnd.org"
    },
    {
        "id": "5",
        "mail": "10minutemail.com"
    },
    {
        "id": "6",
        "mail": "20minutemail.com"
    },
    {
        "id": "7",
        "mail": "2prong.com"
    },
    {
        "id": "8",
        "mail": "3d-painting.com"
    },
    {
        "id": "9",
        "mail": "4warding.com"
    },
    {
        "id": "10",
        "mail": "4warding.net"
    },
    {
        "id": "11",
        "mail": "4warding.org"
    },
    {
        "id": "12",
        "mail": "9ox.net"
    },
    {
        "id": "13",
        "mail": "a-bc.net"
    },
    {
        "id": "14",
        "mail": "ag.us.to"
    },
    {
        "id": "15",
        "mail": "amilegit.com"
    },
    {
        "id": "16",
        "mail": "anonbox.net"
    },
    {
        "id": "17",
        "mail": "anonymbox.com"
    },
    {
        "id": "18",
        "mail": "antichef.com"
    },
    {
        "id": "19",
        "mail": "antichef.net"
    },
    {
        "id": "20",
        "mail": "antispam.de"
    },
    {
        "id": "21",
        "mail": "baxomale.ht.cx"
    },
    {
        "id": "22",
        "mail": "beefmilk.com"
    },
    {
        "id": "23",
        "mail": "binkmail.com"
    },
    {
        "id": "24",
        "mail": "bio-muesli.net"
    },
    {
        "id": "25",
        "mail": "bobmail.info"
    },
    {
        "id": "26",
        "mail": "bodhi.lawlita.com"
    },
    {
        "id": "27",
        "mail": "bofthew.com"
    },
    {
        "id": "28",
        "mail": "brefmail.com"
    },
    {
        "id": "29",
        "mail": "bsnow.net"
    },
    {
        "id": "30",
        "mail": "bugmenot.com"
    },
    {
        "id": "31",
        "mail": "bumpymail.com"
    },
    {
        "id": "32",
        "mail": "casualdx.com"
    },
    {
        "id": "33",
        "mail": "chogmail.com"
    },
    {
        "id": "34",
        "mail": "cool.fr.nf"
    },
    {
        "id": "35",
        "mail": "correo.blogos.net"
    },
    {
        "id": "36",
        "mail": "cosmorph.com"
    },
    {
        "id": "37",
        "mail": "courriel.fr.nf"
    },
    {
        "id": "38",
        "mail": "courrieltemporaire.com"
    },
    {
        "id": "39",
        "mail": "curryworld.de"
    },
    {
        "id": "40",
        "mail": "cust.in"
    },
    {
        "id": "41",
        "mail": "dacoolest.com"
    },
    {
        "id": "42",
        "mail": "dandikmail.com"
    },
    {
        "id": "43",
        "mail": "deadaddress.com"
    },
    {
        "id": "44",
        "mail": "despam.it"
    },
    {
        "id": "45",
        "mail": "despam.it"
    },
    {
        "id": "46",
        "mail": "devnullmail.com"
    },
    {
        "id": "47",
        "mail": "dfgh.net"
    },
    {
        "id": "48",
        "mail": "digitalsanctuary.com"
    },
    {
        "id": "49",
        "mail": "discardmail.com"
    },
    {
        "id": "50",
        "mail": "discardmail.de"
    },
    {
        "id": "51",
        "mail": "disposableaddress.com"
    },
    {
        "id": "52",
        "mail": "disposeamail.com"
    },
    {
        "id": "53",
        "mail": "disposemail.com"
    },
    {
        "id": "54",
        "mail": "dispostable.com"
    },
    {
        "id": "55",
        "mail": "dm.w3internet.co.ukexample.com"
    },
    {
        "id": "56",
        "mail": "dodgeit.com"
    },
    {
        "id": "57",
        "mail": "dodgit.com"
    },
    {
        "id": "58",
        "mail": "dodgit.org"
    },
    {
        "id": "59",
        "mail": "dontreg.com"
    },
    {
        "id": "60",
        "mail": "dontsendmespam.de"
    },
    {
        "id": "61",
        "mail": "dump-email.info"
    },
    {
        "id": "62",
        "mail": "dumpyemail.com"
    },
    {
        "id": "63",
        "mail": "e4ward.com"
    },
    {
        "id": "64",
        "mail": "email60.com"
    },
    {
        "id": "65",
        "mail": "emailias.com"
    },
    {
        "id": "66",
        "mail": "emailias.com"
    },
    {
        "id": "67",
        "mail": "emailinfive.com"
    },
    {
        "id": "68",
        "mail": "emailmiser.com"
    },
    {
        "id": "69",
        "mail": "emailtemporario.com.br"
    },
    {
        "id": "70",
        "mail": "emailwarden.com"
    },
    {
        "id": "71",
        "mail": "enterto.com"
    },
    {
        "id": "72",
        "mail": "ephemail.net"
    },
    {
        "id": "73",
        "mail": "explodemail.com"
    },
    {
        "id": "74",
        "mail": "fakeinbox.com"
    },
    {
        "id": "75",
        "mail": "fakeinformation.com"
    },
    {
        "id": "76",
        "mail": "fansworldwide.de"
    },
    {
        "id": "77",
        "mail": "fastacura.com"
    },
    {
        "id": "78",
        "mail": "filzmail.com"
    },
    {
        "id": "79",
        "mail": "fixmail.tk"
    },
    {
        "id": "80",
        "mail": "fizmail.com"
    },
    {
        "id": "81",
        "mail": "frapmail.com"
    },
    {
        "id": "82",
        "mail": "garliclife.com"
    },
    {
        "id": "83",
        "mail": "gelitik.in"
    },
    {
        "id": "84",
        "mail": "get1mail.com"
    },
    {
        "id": "85",
        "mail": "getonemail.com"
    },
    {
        "id": "86",
        "mail": "getonemail.net"
    },
    {
        "id": "87",
        "mail": "girlsundertheinfluence.com"
    },
    {
        "id": "88",
        "mail": "gishpuppy.com"
    },
    {
        "id": "89",
        "mail": "goemailgo.com"
    },
    {
        "id": "90",
        "mail": "great-host.in"
    },
    {
        "id": "91",
        "mail": "greensloth.com"
    },
    {
        "id": "92",
        "mail": "greensloth.com"
    },
    {
        "id": "93",
        "mail": "gsrv.co.uk"
    },
    {
        "id": "94",
        "mail": "guerillamail.biz"
    },
    {
        "id": "95",
        "mail": "guerillamail.com"
    },
    {
        "id": "96",
        "mail": "guerillamail.net"
    },
    {
        "id": "97",
        "mail": "guerillamail.org"
    },
    {
        "id": "98",
        "mail": "guerrillamail.biz"
    },
    {
        "id": "99",
        "mail": "guerrillamail.com"
    },
    {
        "id": "100",
        "mail": "guerrillamail.de"
    },
    {
        "id": "101",
        "mail": "guerrillamail.net"
    },
    {
        "id": "102",
        "mail": "guerrillamail.org"
    },
    {
        "id": "103",
        "mail": "guerrillamailblock.com"
    },
    {
        "id": "104",
        "mail": "haltospam.com"
    },
    {
        "id": "105",
        "mail": "hidzz.com"
    },
    {
        "id": "106",
        "mail": "hotpop.com"
    },
    {
        "id": "107",
        "mail": "ieatspam.eu"
    },
    {
        "id": "108",
        "mail": "ieatspam.info"
    },
    {
        "id": "109",
        "mail": "ihateyoualot.info"
    },
    {
        "id": "110",
        "mail": "imails.info"
    },
    {
        "id": "111",
        "mail": "inboxclean.com"
    },
    {
        "id": "112",
        "mail": "inboxclean.org"
    },
    {
        "id": "113",
        "mail": "incognitomail.com"
    },
    {
        "id": "114",
        "mail": "incognitomail.net"
    },
    {
        "id": "115",
        "mail": "ipoo.org"
    },
    {
        "id": "116",
        "mail": "irish2me.com"
    },
    {
        "id": "117",
        "mail": "jetable.com"
    },
    {
        "id": "118",
        "mail": "jetable.fr.nf"
    },
    {
        "id": "119",
        "mail": "jetable.net"
    },
    {
        "id": "120",
        "mail": "jetable.org"
    },
    {
        "id": "121",
        "mail": "jnxjn.com"
    },
    {
        "id": "122",
        "mail": "junk1e.com"
    },
    {
        "id": "123",
        "mail": "kasmail.com"
    },
    {
        "id": "124",
        "mail": "kaspop.com"
    },
    {
        "id": "125",
        "mail": "klzlk.com"
    },
    {
        "id": "126",
        "mail": "kulturbetrieb.info"
    },
    {
        "id": "127",
        "mail": "kurzepost.de"
    },
    {
        "id": "128",
        "mail": "kurzepost.de"
    },
    {
        "id": "129",
        "mail": "lifebyfood.com"
    },
    {
        "id": "130",
        "mail": "link2mail.net"
    },
    {
        "id": "131",
        "mail": "litedrop.com"
    },
    {
        "id": "132",
        "mail": "lookugly.com"
    },
    {
        "id": "133",
        "mail": "lopl.co.cc"
    },
    {
        "id": "134",
        "mail": "lr78.com"
    },
    {
        "id": "135",
        "mail": "maboard.com"
    },
    {
        "id": "136",
        "mail": "mail.by"
    },
    {
        "id": "137",
        "mail": "mail.mezimages.net"
    },
    {
        "id": "138",
        "mail": "mail4trash.com"
    },
    {
        "id": "139",
        "mail": "mailbidon.com"
    },
    {
        "id": "140",
        "mail": "mailcatch.com"
    },
    {
        "id": "141",
        "mail": "maileater.com"
    },
    {
        "id": "142",
        "mail": "mailexpire.com"
    },
    {
        "id": "143",
        "mail": "mailin8r.com"
    },
    {
        "id": "144",
        "mail": "mailinator.com"
    },
    {
        "id": "145",
        "mail": "mailinator.net"
    },
    {
        "id": "146",
        "mail": "mailinator2.com"
    },
    {
        "id": "147",
        "mail": "mailincubator.com"
    },
    {
        "id": "148",
        "mail": "mailme.lv"
    },
    {
        "id": "149",
        "mail": "mailmetrash.com"
    },
    {
        "id": "150",
        "mail": "mailmoat.com"
    },
    {
        "id": "151",
        "mail": "mailnator.com"
    },
    {
        "id": "152",
        "mail": "mailnull.com"
    },
    {
        "id": "153",
        "mail": "mailzilla.org"
    },
    {
        "id": "154",
        "mail": "mbx.cc"
    },
    {
        "id": "155",
        "mail": "mega.zik.dj"
    },
    {
        "id": "156",
        "mail": "meltmail.com"
    },
    {
        "id": "157",
        "mail": "mierdamail.com"
    },
    {
        "id": "158",
        "mail": "mintemail.com"
    },
    {
        "id": "159",
        "mail": "mjukglass.nu"
    },
    {
        "id": "160",
        "mail": "mobi.web.id"
    },
    {
        "id": "161",
        "mail": "moburl.com"
    },
    {
        "id": "162",
        "mail": "moncourrier.fr.nf"
    },
    {
        "id": "163",
        "mail": "monemail.fr.nf"
    },
    {
        "id": "164",
        "mail": "monmail.fr.nf"
    },
    {
        "id": "165",
        "mail": "mt2009.com"
    },
    {
        "id": "166",
        "mail": "mx0.wwwnew.eu"
    },
    {
        "id": "167",
        "mail": "mycleaninbox.net"
    },
    {
        "id": "168",
        "mail": "myspamless.com"
    },
    {
        "id": "169",
        "mail": "mytempemail.com"
    },
    {
        "id": "170",
        "mail": "mytrashmail.com"
    },
    {
        "id": "171",
        "mail": "netmails.net"
    },
    {
        "id": "172",
        "mail": "neverbox.com"
    },
    {
        "id": "173",
        "mail": "no-spam.ws"
    },
    {
        "id": "174",
        "mail": "nobulk.com"
    },
    {
        "id": "175",
        "mail": "noclickemail.com"
    },
    {
        "id": "176",
        "mail": "nogmailspam.info"
    },
    {
        "id": "177",
        "mail": "nomail.xl.cx"
    },
    {
        "id": "178",
        "mail": "nomail2me.com"
    },
    {
        "id": "179",
        "mail": "nospam.ze.tc"
    },
    {
        "id": "180",
        "mail": "nospam4.us"
    },
    {
        "id": "181",
        "mail": "nospamfor.us"
    },
    {
        "id": "182",
        "mail": "nowmymail.com"
    },
    {
        "id": "183",
        "mail": "objectmail.com"
    },
    {
        "id": "184",
        "mail": "obobbo.com"
    },
    {
        "id": "185",
        "mail": "odaymail.com"
    },
    {
        "id": "186",
        "mail": "onewaymail.com"
    },
    {
        "id": "187",
        "mail": "ordinaryamerican.net"
    },
    {
        "id": "188",
        "mail": "owlpic.com"
    },
    {
        "id": "189",
        "mail": "pookmail.com"
    },
    {
        "id": "190",
        "mail": "privymail.de"
    },
    {
        "id": "191",
        "mail": "proxymail.eu"
    },
    {
        "id": "192",
        "mail": "punkass.com"
    },
    {
        "id": "193",
        "mail": "putthisinyourspamdatabase.com"
    },
    {
        "id": "194",
        "mail": "quickinbox.com"
    },
    {
        "id": "195",
        "mail": "rcpt.at"
    },
    {
        "id": "196",
        "mail": "recode.me"
    },
    {
        "id": "197",
        "mail": "recursor.net"
    },
    {
        "id": "198",
        "mail": "regbypass.comsafe-mail.net"
    },
    {
        "id": "199",
        "mail": "safetymail.info"
    },
    {
        "id": "200",
        "mail": "sandelf.de"
    },
    {
        "id": "201",
        "mail": "saynotospams.com"
    },
    {
        "id": "202",
        "mail": "selfdestructingmail.com"
    },
    {
        "id": "203",
        "mail": "sendspamhere.com"
    },
    {
        "id": "204",
        "mail": "sharklasers.com"
    },
    {
        "id": "205",
        "mail": "shieldedmail.com"
    },
    {
        "id": "206",
        "mail": "shiftmail.com"
    },
    {
        "id": "207",
        "mail": "skeefmail.com"
    },
    {
        "id": "208",
        "mail": "slopsbox.com"
    },
    {
        "id": "209",
        "mail": "slushmail.com"
    },
    {
        "id": "210",
        "mail": "smaakt.naar.gravel"
    },
    {
        "id": "211",
        "mail": "smellfear.com"
    },
    {
        "id": "212",
        "mail": "snakemail.com"
    },
    {
        "id": "213",
        "mail": "sneakemail.com"
    },
    {
        "id": "214",
        "mail": "sofort-mail.de"
    },
    {
        "id": "215",
        "mail": "sogetthis.com"
    },
    {
        "id": "216",
        "mail": "soodonims.com"
    },
    {
        "id": "217",
        "mail": "spam.la"
    },
    {
        "id": "218",
        "mail": "spamavert.com"
    },
    {
        "id": "219",
        "mail": "spambob.net"
    },
    {
        "id": "220",
        "mail": "spambob.org"
    },
    {
        "id": "221",
        "mail": "spambog.com"
    },
    {
        "id": "222",
        "mail": "spambog.de"
    },
    {
        "id": "223",
        "mail": "spambog.ru"
    },
    {
        "id": "224",
        "mail": "spambox.info"
    },
    {
        "id": "225",
        "mail": "spambox.us"
    },
    {
        "id": "226",
        "mail": "spamcannon.com"
    },
    {
        "id": "227",
        "mail": "spamcannon.net"
    },
    {
        "id": "228",
        "mail": "spamcero.com"
    },
    {
        "id": "229",
        "mail": "spamcorptastic.com"
    },
    {
        "id": "230",
        "mail": "spamcowboy.com"
    },
    {
        "id": "231",
        "mail": "spamcowboy.net"
    },
    {
        "id": "232",
        "mail": "spamcowboy.org"
    },
    {
        "id": "233",
        "mail": "spamday.com"
    },
    {
        "id": "234",
        "mail": "spamex.com"
    },
    {
        "id": "235",
        "mail": "spamfree.eu"
    },
    {
        "id": "236",
        "mail": "spamfree24.com"
    },
    {
        "id": "237",
        "mail": "spamfree24.de"
    },
    {
        "id": "238",
        "mail": "spamfree24.eu"
    },
    {
        "id": "239",
        "mail": "spamfree24.info"
    },
    {
        "id": "240",
        "mail": "spamfree24.net"
    },
    {
        "id": "241",
        "mail": "spamfree24.org"
    },
    {
        "id": "242",
        "mail": "spamgourmet.com"
    },
    {
        "id": "243",
        "mail": "spamgourmet.net"
    },
    {
        "id": "244",
        "mail": "spamgourmet.org"
    },
    {
        "id": "245",
        "mail": "spamherelots.com"
    },
    {
        "id": "246",
        "mail": "spamhereplease.com"
    },
    {
        "id": "247",
        "mail": "spamhole.com"
    },
    {
        "id": "248",
        "mail": "spamify.com"
    },
    {
        "id": "249",
        "mail": "spaminator.de"
    },
    {
        "id": "250",
        "mail": "spamkill.info"
    },
    {
        "id": "251",
        "mail": "spaml.com"
    },
    {
        "id": "252",
        "mail": "spaml.de"
    },
    {
        "id": "253",
        "mail": "spammotel.com"
    },
    {
        "id": "254",
        "mail": "spamobox.com"
    },
    {
        "id": "255",
        "mail": "spamspot.com"
    },
    {
        "id": "256",
        "mail": "spamthis.co.uk"
    },
    {
        "id": "257",
        "mail": "spamthisplease.com"
    },
    {
        "id": "258",
        "mail": "speed.1s.fr"
    },
    {
        "id": "259",
        "mail": "suremail.info"
    },
    {
        "id": "260",
        "mail": "tempalias.com"
    },
    {
        "id": "261",
        "mail": "tempe-mail.com"
    },
    {
        "id": "262",
        "mail": "tempemail.biz"
    },
    {
        "id": "263",
        "mail": "tempemail.com"
    },
    {
        "id": "264",
        "mail": "tempemail.net"
    },
    {
        "id": "265",
        "mail": "tempinbox.co.uk"
    },
    {
        "id": "266",
        "mail": "tempinbox.com"
    },
    {
        "id": "267",
        "mail": "tempomail.fr"
    },
    {
        "id": "268",
        "mail": "temporaryemail.net"
    },
    {
        "id": "269",
        "mail": "temporaryinbox.com"
    },
    {
        "id": "270",
        "mail": "tempymail.com"
    },
    {
        "id": "271",
        "mail": "thankyou2010.com"
    },
    {
        "id": "272",
        "mail": "thisisnotmyrealemail.com"
    },
    {
        "id": "273",
        "mail": "throwawayemailaddress.com"
    },
    {
        "id": "274",
        "mail": "tilien.com"
    },
    {
        "id": "275",
        "mail": "tmailinator.com"
    },
    {
        "id": "276",
        "mail": "tradermail.info"
    },
    {
        "id": "277",
        "mail": "trash-amil.com"
    },
    {
        "id": "278",
        "mail": "trash-mail.at"
    },
    {
        "id": "279",
        "mail": "trash-mail.com"
    },
    {
        "id": "280",
        "mail": "trash-mail.de"
    },
    {
        "id": "281",
        "mail": "trash2009.com"
    },
    {
        "id": "282",
        "mail": "trashmail.at"
    },
    {
        "id": "283",
        "mail": "trashmail.com"
    },
    {
        "id": "284",
        "mail": "trashmail.me"
    },
    {
        "id": "285",
        "mail": "trashmail.net"
    },
    {
        "id": "286",
        "mail": "trashmailer.com"
    },
    {
        "id": "287",
        "mail": "trashymail.com"
    },
    {
        "id": "288",
        "mail": "trashymail.net"
    },
    {
        "id": "289",
        "mail": "trillianpro.com"
    },
    {
        "id": "290",
        "mail": "tyldd.com"
    },
    {
        "id": "291",
        "mail": "tyldd.com"
    },
    {
        "id": "292",
        "mail": "uggsrock.com"
    },
    {
        "id": "293",
        "mail": "wegwerfmail.de"
    },
    {
        "id": "294",
        "mail": "wegwerfmail.net"
    },
    {
        "id": "295",
        "mail": "wegwerfmail.org"
    },
    {
        "id": "296",
        "mail": "wh4f.org"
    },
    {
        "id": "297",
        "mail": "whyspam.me"
    },
    {
        "id": "298",
        "mail": "willselfdestruct.com"
    },
    {
        "id": "299",
        "mail": "winemaven.info"
    },
    {
        "id": "300",
        "mail": "wronghead.com"
    },
    {
        "id": "301",
        "mail": "wuzupmail.net"
    },
    {
        "id": "302",
        "mail": "xoxy.net"
    },
    {
        "id": "303",
        "mail": "yogamaven.com"
    },
    {
        "id": "304",
        "mail": "yopmail.com"
    },
    {
        "id": "305",
        "mail": "yopmail.fr"
    },
    {
        "id": "306",
        "mail": "yopmail.net"
    },
    {
        "id": "307",
        "mail": "yuurok.com"
    },
    {
        "id": "308",
        "mail": "zippymail.info"
    },
    {
        "id": "309",
        "mail": "zoemail.com"
    }
]